CustomerID,CustomerSpend
7493,2414.0
5006,2326.7
6050,2294.7799999999997
3078,2255.21
2059,2204.8199999999997
9173,2202.99
7176,2168.62
7750,2168.56
2070,2148.99
8645,2115.04
